{"cameraMode":{"drawMode":0,"name":"Shaded","section":"Shading Mode"},"sceneLighting":true,"audioPlay":false,"sceneViewState":{"m_AlwaysRefresh":false,"showFog":true,"showSkybox":true,"showFlares":true,"showImageEffects":true,"showParticleSystems":true,"showVisualEffectGraphs":true,"m_FxEnabled":true},"in2DMode":false,"pivot":{"x":-3.415454149246216,"y":4.565980434417725,"z":26.931970596313478},"rotation":{"x":0.011945351958274842,"y":0.6047203540802002,"z":-0.00907148513942957,"w":0.7962966561317444},"size":11.301799774169922,"orthographic":false}