{"cameraMode":{"drawMode":0,"name":"Shaded","section":"Shading Mode"},"sceneLighting":true,"audioPlay":false,"sceneViewState":{"m_AlwaysRefresh":false,"showFog":true,"showSkybox":true,"showFlares":true,"showImageEffects":true,"showParticleSystems":true,"showVisualEffectGraphs":true,"m_FxEnabled":true},"in2DMode":false,"pivot":{"x":-2.0762341022491457,"y":1.5289204120635987,"z":5.90407657623291},"rotation":{"x":0.07149645686149597,"y":0.6035298705101013,"z":-0.05446485057473183,"w":0.7922590374946594},"size":0.0018135015852749348,"orthographic":false}