{"cameraMode":{"drawMode":0,"name":"Shaded","section":"Shading Mode"},"sceneLighting":true,"audioPlay":false,"sceneViewState":{"m_AlwaysRefresh":false,"showFog":true,"showSkybox":true,"showFlares":true,"showImageEffects":true,"showParticleSystems":true,"showVisualEffectGraphs":true,"m_FxEnabled":true},"in2DMode":false,"pivot":{"x":12.269389152526856,"y":-4.073297500610352,"z":26.891447067260743},"rotation":{"x":0.09614986181259155,"y":0.7516915798187256,"z":-0.11245405673980713,"w":0.6427075862884522},"size":8.472861289978028,"orthographic":false}